{"Accuracy": 0.860037037037037, "Loss": 2189.5966321638384, "Accuracy_val": 0.8581666666666666, "Loss_val": 245.0997820837987, "Epoch": 4, "n_datatrain": 270000, "_timestamp": 1710653279.1461408, "_runtime": 1700.1159677505493, "_step": 26, "_wandb": {"runtime": 1696}}