{"Accuracy": 0.8680925925925926, "Loss": 531.6527849254783, "Accuracy_val": 0.8663333333333333, "Loss_val": 59.2485874781932, "Epoch": 2, "n_datatrain": 160000, "_timestamp": 1710673337.0694036, "_runtime": 6629.47678565979, "_step": 15, "_wandb": {"runtime": 6656}}