{"Accuracy": 0.3075555555555556, "Loss": 11572.216331893207, "Accuracy_val": 0.30583333333333335, "Loss_val": 1285.496045526059, "Epoch": 2, "n_datatrain": 160000, "_timestamp": 1710676191.6658552, "_runtime": 6644.755082130432, "_step": 15, "_wandb": {"runtime": 6682}}