{"Accuracy": 0.9529814814814814, "Loss": 883.1432021963716, "Accuracy_val": 0.9565, "Loss_val": 88.61838332028304, "Epoch": 2, "n_datatrain": 160000, "_timestamp": 1710687146.1900358, "_runtime": 3646.941994905472, "_step": 15, "_wandb": {"runtime": 3679}}