{"Accuracy": 0.9424074074074074, "Loss": 1084.038870543462, "Accuracy_val": 0.9483333333333334, "Loss_val": 111.18048437207258, "Epoch": 1, "n_datatrain": 70000, "_timestamp": 1710684859.4826548, "_runtime": 1360.2346138954163, "_step": 6}