{"Accuracy": 0.9336296296296296, "Loss": 5579.65526605036, "Accuracy_val": 0.9401666666666667, "Loss_val": 128.79253882997145, "Epoch": 2, "n_datatrain": 160000, "_timestamp": 1710678232.9344635, "_runtime": 1943.5803334712982, "_step": 15, "_wandb": {"runtime": 1950}}