{"Accuracy": 0.09018518518518519, "Loss": 12433.499484863218, "Accuracy_val": 0.08833333333333333, "Loss_val": 1381.6043010496364, "Epoch": 2, "n_datatrain": 160000, "_timestamp": 1710680076.3643904, "_runtime": 671.5872654914856, "_step": 15, "_wandb": {"runtime": 672}}