{"Accuracy": 0.6812222222222222, "Loss": 7588.702842574816, "Accuracy_val": 0.6823333333333333, "Loss_val": 620.4734483508623, "Epoch": 2, "n_datatrain": 160000, "_timestamp": 1710668366.696857, "_runtime": 4367.2164759635925, "_step": 15, "_wandb": {"runtime": 4383}}