{"Accuracy": 0.8410185185185185, "Loss": 648.9805804168413, "Accuracy_val": 0.8406666666666667, "Loss_val": 73.47008586907307, "Epoch": 1, "n_datatrain": 60000, "_timestamp": 1710687183.3438382, "_runtime": 821.8561861515045, "_step": 5}