{"Test Accuracy Squared error loss": 0.8586, "_timestamp": 1710587115.2540252, "_runtime": 11557.609870195389, "_step": 1, "Accuracy": 0.8756851851851852, "Loss": 499.4055207773209, "Accuracy_val": 0.8751666666666666, "Loss_val": 55.44585155973482}