{"Accuracy": 0.5914259259259259, "Loss": 9104.445294169709, "Accuracy_val": 0.5896666666666667, "Loss_val": 1012.5515224192137, "Epoch": 2, "n_datatrain": 160000, "_timestamp": 1710682461.3336189, "_runtime": 2366.182682991028, "_step": 15, "_wandb": {"runtime": 2381}}