{"Accuracy": 0.8472407407407407, "Loss": 625.4612352851027, "Accuracy_val": 0.8433333333333334, "Loss_val": 71.2656380440417, "Epoch": 4, "n_datatrain": 230000, "_timestamp": 1710663128.3826375, "_runtime": 4794.103299617767, "_step": 22}