{"Accuracy": 0.8656851851851852, "Loss": 2076.025798312778, "Accuracy_val": 0.8601666666666666, "Loss_val": 231.44612332810945, "Epoch": 2, "n_datatrain": 160000, "_timestamp": 1710666649.8055801, "_runtime": 3437.305314064026, "_step": 15, "_wandb": {"runtime": 3467}}