{"Accuracy": 0.8631666666666666, "Loss": 539.6127713526674, "Accuracy_val": 0.8616666666666667, "Loss_val": 60.370027847273946, "Epoch": 2, "n_datatrain": 160000, "_timestamp": 1710677737.0955298, "_runtime": 4321.741763830185, "_step": 15, "_wandb": {"runtime": 4347}}