{"Accuracy": 0.1570925925925926, "Loss": 12404.831494715374, "Accuracy_val": 0.15666666666666668, "Loss_val": 1378.3890075812728, "Epoch": 2, "n_datatrain": 160000, "_timestamp": 1710683477.8454032, "_runtime": 981.393392086029, "_step": 15, "_wandb": {"runtime": 982}}