{"Accuracy": 0.8522592592592593, "Loss": 591.689750420301, "Accuracy_val": 0.8506666666666667, "Loss_val": 66.76097091831902, "Epoch": 2, "n_datatrain": 160000, "_timestamp": 1710686319.9433467, "_runtime": 1973.813372850418, "_step": 15, "_wandb": {"runtime": 1988}}