{"Accuracy": 0.8153333333333334, "Loss": 753.5338825580852, "Accuracy_val": 0.807, "Loss_val": 86.98924568924673, "Epoch": 0, "n_datatrain": 30000, "_timestamp": 1710684804.098245, "_runtime": 457.9682710170746, "_step": 2}